lado,origen,tipo_cargo,codigo,descripcion,cuenta_contable,cuenta_presupuestaria_sugerida,glosa_sugerida,observacion
DEBE,GASTO_FINANCIAMIENTO,ASISTENTE EDUCACION,10001,BONO LEY 19464,215-21-03-005-001-000,215-21-03-999-000-000,BONO LEY 19464,
DEBE,GASTO_FINANCIAMIENTO,ASISTENTE EDUCACION,10002,ASIGNACION FAMILIAR,114-06-00-000-000-000,,ASIGNACION FAMILIAR,
DEBE,GASTO_FINANCIAMIENTO,ASISTENTE EDUCACION,10003,ASIGNACION DE RESPONSABILIDAD,215-21-02-001-018,,ASIGNACION DE RESPONSABILIDAD,
DEBE,GASTO_FINANCIAMIENTO,ASISTENTE EDUCACION,10005,ASIGNACION MOVILIZACION,215-21-03-999-000-000,215-21-03-999-000-000,ASIGNACION MOVILIZACION,
DEBE,GASTO_FINANCIAMIENTO,ASISTENTE EDUCACION,10007,ASIGNACION DE RESPONSABILIDAD,215-21-02-001-018,,ASIGNACION DE RESPONSABILIDAD,
DEBE,GASTO_FINANCIAMIENTO,ASISTENTE EDUCACION,10009,PLANILLA SUPLEMENTARIA,215-21-03-999-000-000,215-21-03-999-000-000,PLANILLA SUPLEMENTARIA,
DEBE,GASTO_FINANCIAMIENTO,ASISTENTE EDUCACION,10010,BONO LEY 19464,215-21-03-005-001-000,,BONO LEY 19464,
DEBE,GASTO_FINANCIAMIENTO,ASISTENTE EDUCACION,10011,ASIGNACION MENSUAL ART 43 LEY 21109,215-21-03-999-000-000,,ASIGNACION MENSUAL ART 43 LEY 21109,
DEBE,GASTO_FINANCIAMIENTO,ASISTENTE EDUCACION,10012,BONO ALTA CONCENTRACION NO DOCENTE,215-21-02-001-046,,BONO ALTA CONCENTRACION NO DOCENTE,
DEBE,GASTO_FINANCIAMIENTO,ASISTENTE EDUCACION,10013,BONO EXPERIENCIA LEY 21109,215-21-03-004-001-000,,BONO EXPERIENCIA LEY 21109,
DEBE,GASTO_FINANCIAMIENTO,ASISTENTE EDUCACION,10014,ASIG RESPONSABILIDAD COORDINACION PIE,215-21-03-999-000-000,215-21-03-999-000-000,ASIG RESPONSABILIDAD COORDINACION PIE,
DEBE,GASTO_FINANCIAMIENTO,ASISTENTE EDUCACION,10016,SUELDO BASE,215-21-03-004-001-000,,SUELDO BASE,
DEBE,GASTO_FINANCIAMIENTO,ASISTENTE EDUCACION,10017,BIENIOS ASISTENTES,215-21-02-001-044,,BIENIOS ASISTENTES,
DEBE,GASTO_FINANCIAMIENTO,ASISTENTE EDUCACION,10018,BONO LEY 19.464,215-21-03-005-001-000,,BONO LEY 19.464,
DEBE,GASTO_FINANCIAMIENTO,ASISTENTE EDUCACION,10020,ASIGNACION DE EXPERIENCIA LEY 21109,215-21-03-004-001-000,215-21-03-999-000-000,ASIGNACION DE EXPERIENCIA LEY 21109,
DEBE,GASTO_FINANCIAMIENTO,ASISTENTE EDUCACION,10026,BONO ESPECIAL,215-21-03-999-000-000,,BONO ESPECIAL,
DEBE,GASTO_FINANCIAMIENTO,ASISTENTE EDUCACION,10028,BONO DESEMPEÑO LABORAL (CUOTA 2),215-21-03-999-000-000,,BONO DESEMPEÑO LABORAL (CUOTA 2),
DEBE,GASTO_FINANCIAMIENTO,ASISTENTE EDUCACION,10029,ART 42 TRANSITORIO FEBRERO (ASIG EXP PAPUDO),215-21-03-999-000-000,,ART 42 TRANSITORIO FEBRERO (ASIG EXP PAPUDO),
DEBE,GASTO_FINANCIAMIENTO,ASISTENTE EDUCACION,10030,RETRO ART 42 TRANSIT ENERO (ASIG EXP PAPUDO),215-21-03-999-000-000,,RETRO ART 42 TRANSIT ENERO (ASIG EXP PAPUDO),
DEBE,GASTO_FINANCIAMIENTO,ASISTENTE EDUCACION,10031,RETRO ART 42 TRANSIT DICIEM (ASIG EXP PAPUDO),215-21-03-999-000-000,,RETRO ART 42 TRANSIT DICIEM (ASIG EXP PAPUDO),
DEBE,GASTO_FINANCIAMIENTO,ASISTENTE EDUCACION,10032,ASIG ALTA CONC DE ALUMNOS PRIORIT AAEE,215-21-02-001-046,,ASIG ALTA CONC DE ALUMNOS PRIORIT AAEE,
DEBE,GASTO_FINANCIAMIENTO,ASISTENTE EDUCACION,10033,RETROACTIVO REAJUSTE SUELDO BASE (ENERO),215-21-03-004-001-000,,RETROACTIVO REAJUSTE SUELDO BASE (ENERO),
DEBE,GASTO_FINANCIAMIENTO,ASISTENTE EDUCACION,10034,ASIG RESPONSABILIDAD PIE,215-21-03-999-000-000,,ASIG RESPONSABILIDAD PIE,
DEBE,GASTO_FINANCIAMIENTO,ASISTENTE EDUCACION,10035,ART 13 LEY 21806,215-21-03-999-000-000,,ART 13 LEY 21806,
DEBE,GASTO_FINANCIAMIENTO,ASISTENTE EDUCACION,10036,ASIGNACION MENSUAL ART 43 LEY 21109,215-21-03-999-000-000,215-21-03-999-000-000,ASIGNACION MENSUAL ART 43 LEY 21109,
DEBE,GASTO_FINANCIAMIENTO,ASISTENTE EDUCACION,10037,PLANILLA COMPLEMENTARIA (ART 42 T),215-21-03-999-000-000,215-21-03-999-000-000,PLANILLA COMPLEMENTARIA (ART 42 T),
DEBE,GASTO_FINANCIAMIENTO,ASISTENTE EDUCACION,10038,BONO DE VACACIONES,215-21-03-999-000-000,,BONO DE VACACIONES,
DEBE,GASTO_FINANCIAMIENTO,ASISTENTE EDUCACION,10040,ASIG FAMILIAR,114-06-00-000-000-000,,ASIG FAMILIAR,
DEBE,GASTO_FINANCIAMIENTO,ASISTENTE EDUCACION,10047,ART 42 TRANS ( ASIG EXP PAPUDO),,,ART 42 TRANS ( ASIG EXP PAPUDO),
DEBE,GASTO_FINANCIAMIENTO,ASISTENTE EDUCACION,10050,RETROACTIVO ASIG ALUM PRIORITARIOS,215-21-02-001-046,,RETROACTIVO ASIG ALUM PRIORITARIOS,
DEBE,GASTO_FINANCIAMIENTO,ASISTENTE EDUCACION,10053,RETROACTIVO REAJUSTE SUELDO BASE (ENERO),215-21-03-004-001-000,,RETROACTIVO REAJUSTE SUELDO BASE (ENERO),
DEBE,GASTO_FINANCIAMIENTO,ASISTENTE EDUCACION,10054,BONO MENSUAL ART 13 LEY 21806,215-21-03-999-000-000,,BONO MENSUAL ART 13 LEY 21806,
DEBE,GASTO_FINANCIAMIENTO,ASISTENTE EDUCACION,10057,BONO ESPECIAL,215-21-03-999-000-000,,BONO ESPECIAL,
DEBE,GASTO_FINANCIAMIENTO,ASISTENTE EDUCACION,10058,DIFERENCIA BONO DE VACACIONES,215-21-03-999-000-000,,DIFERENCIA BONO DE VACACIONES,
DEBE,GASTO_FINANCIAMIENTO,ASISTENTE EDUCACION,10059,DIFERENCIA AGUINALDO DE NAVIDAD,215-21-02-005-001,,DIFERENCIA AGUINALDO DE NAVIDAD,
DEBE,GASTO_FINANCIAMIENTO,ASISTENTE EDUCACION,10063,RETROACTIVO LEY 19464,215-21-03-005-001-000,,RETROACTIVO LEY 19464,
DEBE,GASTO_FINANCIAMIENTO,ASISTENTE EDUCACION,10064,RETROACTIVO ASIG EXPERIENCIA LEY 21109,215-21-03-004-001-000,,RETROACTIVO ASIG EXPERIENCIA LEY 21109,
DEBE,GASTO_FINANCIAMIENTO,ASISTENTE EDUCACION,10065,DIFERENCIA SUELDO BASE,215-21-03-004-001-000,,DIFERENCIA SUELDO BASE,
DEBE,GASTO_FINANCIAMIENTO,ASISTENTE EDUCACION,10066,RETROCTIVO ASIG MENSUAL ART 43 LEY 21109,215-21-03-999-000-000,,RETROCTIVO ASIG MENSUAL ART 43 LEY 21109,
DEBE,GASTO_FINANCIAMIENTO,ASISTENTE EDUCACION,10069,RETROACTIVO REAJUSTE SUELDO BASE (DIC),215-21-03-004-001-000,,RETROACTIVO REAJUSTE SUELDO BASE (DIC),
DEBE,GASTO_FINANCIAMIENTO,ASISTENTE EDUCACION,10070,RETROACTIVO REAJUSTE ASIG RESP (ENERO),215-21-02-001-018,,RETROACTIVO REAJUSTE ASIG RESP (ENERO),
DEBE,GASTO_FINANCIAMIENTO,ASISTENTE EDUCACION,10071,RETROACTIVO REAJUSTE ASIG DE RESP (DIC),215-21-02-001-018,,RETROACTIVO REAJUSTE ASIG DE RESP (DIC),
DEBE,GASTO_FINANCIAMIENTO,ASISTENTE EDUCACION,10076,RETROACTIVO MOVILIZACION,215-21-03-999-000-000,,RETROACTIVO MOVILIZACION,
DEBE,GASTO_FINANCIAMIENTO,ASISTENTE EDUCACION,10079,DIFERENCIA DE SUELDO,215-21-03-004-001-000,,DIFERENCIA DE SUELDO,
DEBE,GASTO_FINANCIAMIENTO,ASISTENTE EDUCACION,10080,DIFERENCIA BIENIOS,215-21-02-001-044,,DIFERENCIA BIENIOS,
DEBE,GASTO_FINANCIAMIENTO,ASISTENTE EDUCACION,10082,ART 42 TRANSITORIO (ASIG EXP PAPUDO),215-21-03-999-000-000,,ART 42 TRANSITORIO (ASIG EXP PAPUDO),
DEBE,GASTO_FINANCIAMIENTO,ASISTENTE EDUCACION,10083,ASIG ENCARGADO DE CONVIVENCIA ESCOLAR,215-21-03-999-000-000,,ASIG ENCARGADO DE CONVIVENCIA ESCOLAR,
DEBE,GASTO_FINANCIAMIENTO,ASISTENTE EDUCACION,10086,SNED ASISTENTES,215-21-02-001-049,,SNED ASISTENTES,
DEBE,GASTO_FINANCIAMIENTO,ASISTENTE EDUCACION,10092,RETROACTIVO ASIG FAMILIAR,114-06-00-000-000-000,,RETROACTIVO ASIG FAMILIAR,
DEBE,GASTO_FINANCIAMIENTO,ASISTENTE EDUCACION,111,SUELDO BASE,215-21-03-004-001-000,215-21-03-004-000-000,SUELDO BASE,
DEBE,GASTO_FINANCIAMIENTO,ASISTENTE EDUCACION,121,BRP TITULO,215-21-02-001-048,,BRP TITULO,
DEBE,GASTO_FINANCIAMIENTO,ASISTENTE EDUCACION,145,BONO ESCOLAR,215-21-03-999-000-000,,BONO ESCOLAR,
DEBE,GASTO_FINANCIAMIENTO,ASISTENTE EDUCACION,146,BONO ESCOLAR ADICIONAL,215-21-03-999-000-000,,BONO ESCOLAR ADICIONAL,
DEBE,GASTO_FINANCIAMIENTO,ASISTENTE EDUCACION,32021,(*) APORTE MUTUAL,215-21-03-999-000-000,215-21-03-999-000-000,(*) APORTE MUTUAL,
DEBE,GASTO_FINANCIAMIENTO,ASISTENTE EDUCACION,32022,(*) APORTE CESANTIA,215-21-03-999-000-000,215-21-03-999-000-000,(*) APORTE CESANTIA,
DEBE,GASTO_FINANCIAMIENTO,ASISTENTE EDUCACION,32024,(*) APORTE S.I.S.,215-21-03-999-000-000,215-21-03-999-000-000,(*) APORTE S.I.S.,
DEBE,GASTO_FINANCIAMIENTO,ASISTENTE EDUCACION,32030,APORTE CAPITALIZACIÓN INDIVIDUAL,215-21-03-999-000-000,,APORTE CAPITALIZACIÓN INDIVIDUAL,
DEBE,GASTO_FINANCIAMIENTO,ASISTENTE EDUCACION,32031,APORTE CAPITALIZACIÓN INDIVIDUAL,215-21-03-999-000-000,215-21-03-999-000-000,APORTE CAPITALIZACIÓN INDIVIDUAL,
DEBE,GASTO_FINANCIAMIENTO,ASISTENTE EDUCACION,32032,COTIZACIÓN EXPECTATIVAS DE VIDA,215-21-03-999-000-000,215-21-03-999-000-000,COTIZACIÓN EXPECTATIVAS DE VIDA,
DEBE,GASTO_FINANCIAMIENTO,CODIGO DEL TRABAJO,10001,ASIGNACION DE HOMOLOGACION LEY 20905,215-21-03-999-000-000,,ASIGNACION DE HOMOLOGACION LEY 20905,
DEBE,GASTO_FINANCIAMIENTO,CODIGO DEL TRABAJO,10002,ASIGNACION CARRERA DOCENTE PARVULARIA,215-21-03-999-000-000,,ASIGNACION CARRERA DOCENTE PARVULARIA,
DEBE,GASTO_FINANCIAMIENTO,CODIGO DEL TRABAJO,10003,INCREMENTO 5%,215-21-03-004-000-000,,INCREMENTO 5%,
DEBE,GASTO_FINANCIAMIENTO,CODIGO DEL TRABAJO,10004,ASIGNACION FAMILIAR,114-06-00-000-000-000,,ASIGNACION FAMILIAR,
DEBE,GASTO_FINANCIAMIENTO,CODIGO DEL TRABAJO,10005,ART 33 LEY 21.724,215-21-03-999-000-000,,ART 33 LEY 21.724,
DEBE,GASTO_FINANCIAMIENTO,CODIGO DEL TRABAJO,10006,ASIGNACION DE EXPERIENCIA LEY 21109,215-21-03-999-000-000,,ASIGNACION DE EXPERIENCIA LEY 21109,
DEBE,GASTO_FINANCIAMIENTO,CODIGO DEL TRABAJO,10007,BONO ART 33 LEY 21724,215-21-03-999-000-000,,BONO ART 33 LEY 21724,
DEBE,GASTO_FINANCIAMIENTO,CODIGO DEL TRABAJO,10008,ASIGNACION DE RESPONSABILIDAD,215-21-03-999-000-000,,ASIGNACION DE RESPONSABILIDAD,
DEBE,GASTO_FINANCIAMIENTO,CODIGO DEL TRABAJO,10009,ASIG FAMILIAR,114-06-00-000-000-000,,ASIG FAMILIAR,
DEBE,GASTO_FINANCIAMIENTO,CODIGO DEL TRABAJO,10010,DIF. BONO INCENTIVO,215-21-03-999-000-000,,DIF. BONO INCENTIVO,
DEBE,GASTO_FINANCIAMIENTO,CODIGO DEL TRABAJO,10011,DIF ART 13 LEY 21806,215-21-03-999-000-000,,DIF ART 13 LEY 21806,
DEBE,GASTO_FINANCIAMIENTO,CODIGO DEL TRABAJO,10012,DIFERENCIAL BONO DE VACACIONES,215-21-02-005-003,,DIFERENCIAL BONO DE VACACIONES,
DEBE,GASTO_FINANCIAMIENTO,CODIGO DEL TRABAJO,10013,RETROACTIVO REAJUSTE SUELDO BASE (ENERO),215-21-03-999-000-000,,RETROACTIVO REAJUSTE SUELDO BASE (ENERO),
DEBE,GASTO_FINANCIAMIENTO,CODIGO DEL TRABAJO,10014,RETROACTIVO REAJUSTE S.BASE (DICIEMBRE),215-21-03-999-000-000,,RETROACTIVO REAJUSTE S.BASE (DICIEMBRE),
DEBE,GASTO_FINANCIAMIENTO,CODIGO DEL TRABAJO,10015,BONO ESPECIAL,215-21-03-999-000-000,,BONO ESPECIAL,
DEBE,GASTO_FINANCIAMIENTO,CODIGO DEL TRABAJO,10016,DIFERENCIA INCREMENTO,215-21-03-999-000-000,,DIFERENCIA INCREMENTO,
DEBE,GASTO_FINANCIAMIENTO,CODIGO DEL TRABAJO,10017,BONO MENSUAL ART 13 LEY 21806,215-21-03-999-000-000,,BONO MENSUAL ART 13 LEY 21806,
DEBE,GASTO_FINANCIAMIENTO,CODIGO DEL TRABAJO,10018,RETROACTIVO REAJUSTE ASIG RESPO DIRECTIVA,215-21-03-999-000-000,,RETROACTIVO REAJUSTE ASIG RESPO DIRECTIVA,
DEBE,GASTO_FINANCIAMIENTO,CODIGO DEL TRABAJO,10019,BONO DESEMPEÑO LABORAL (CUOTA 1),215-21-03-999-000-000,,BONO DESEMPEÑO LABORAL (CUOTA 1),
DEBE,GASTO_FINANCIAMIENTO,CODIGO DEL TRABAJO,10020,BONO DESEMPEÑO LABORAL (CUOTA 2),215-21-03-999-000-000,,BONO DESEMPEÑO LABORAL (CUOTA 2),
DEBE,GASTO_FINANCIAMIENTO,CODIGO DEL TRABAJO,10021,BONO DE INCENTIVO,215-21-03-999-000-000,,BONO DE INCENTIVO,
DEBE,GASTO_FINANCIAMIENTO,CODIGO DEL TRABAJO,10022,RETROACTIVO SUELDO BASE,215-21-03-999-000-000,,RETROACTIVO SUELDO BASE,
DEBE,GASTO_FINANCIAMIENTO,CODIGO DEL TRABAJO,10023,ASIG FAMILIAR RETROACTIVA,114-06-00-000-000-000,,ASIG FAMILIAR RETROACTIVA,
DEBE,GASTO_FINANCIAMIENTO,CODIGO DEL TRABAJO,10024,RETROACTIVO BONO DE INCENTIVO,215-21-03-999-000-000,,RETROACTIVO BONO DE INCENTIVO,
DEBE,GASTO_FINANCIAMIENTO,CODIGO DEL TRABAJO,110,SUELDO BASE,215-21-03-004-000-000,,SUELDO BASE,
DEBE,GASTO_FINANCIAMIENTO,CODIGO DEL TRABAJO,145,BONO ESCOLAR,215-21-03-999-000-000,,BONO ESCOLAR,
DEBE,GASTO_FINANCIAMIENTO,CODIGO DEL TRABAJO,146,BONO ESCOLAR ADICIONAL,215-21-03-999-000-000,,BONO ESCOLAR ADICIONAL,
DEBE,GASTO_FINANCIAMIENTO,CODIGO DEL TRABAJO,32021,(*) APORTE MUTUAL,215-21-03-999-000-000,,(*) APORTE MUTUAL,
DEBE,GASTO_FINANCIAMIENTO,CODIGO DEL TRABAJO,32022,(*) APORTE CESANTIA,215-21-03-999-000-000,,(*) APORTE CESANTIA,
DEBE,GASTO_FINANCIAMIENTO,CODIGO DEL TRABAJO,32024,(*) APORTE S.I.S.,215-21-03-999-000-000,,(*) APORTE S.I.S.,
DEBE,GASTO_FINANCIAMIENTO,CODIGO DEL TRABAJO,32029,APORTE CAPITALIZACIÓN INDIVIDUAL,215-21-03-999-000-000,,APORTE CAPITALIZACIÓN INDIVIDUAL,
DEBE,GASTO_FINANCIAMIENTO,CODIGO DEL TRABAJO,32030,COTIZACIÓN EXPECTATIVAS DE VIDA,215-21-03-999-000-000,,COTIZACIÓN EXPECTATIVAS DE VIDA,
DEBE,GASTO_FINANCIAMIENTO,CONTRATA,10002,ASIGNACION FAMILIAR,114-06-00-000-000-000,,ASIGNACION FAMILIAR,
DEBE,GASTO_FINANCIAMIENTO,CONTRATA,10003,ASIGNACION DE RESPONSABILIDAD,215-21-02-001-018,,ASIGNACION DE RESPONSABILIDAD,
DEBE,GASTO_FINANCIAMIENTO,CONTRATA,10004,ASIGNACION DE RESPONSABILIDAD DIRECTIVA,215-21-02-001-018,,ASIGNACION DE RESPONSABILIDAD DIRECTIVA,
DEBE,GASTO_FINANCIAMIENTO,CONTRATA,10006,BRP TITULO,215-21-02-001-048,,BRP TITULO,
DEBE,GASTO_FINANCIAMIENTO,CONTRATA,10007,ASIGNACION DE RESPONSABILIDAD,215-21-02-001-018,215-21-02-001-018-000,ASIGNACION DE RESPONSABILIDAD,
DEBE,GASTO_FINANCIAMIENTO,CONTRATA,10009,BONO DE VACACIONES,215-21-02-005-003,,BONO DE VACACIONES,
DEBE,GASTO_FINANCIAMIENTO,CONTRATA,10010,ASIGNACION DE RESPONSABILIDAD DIRECTIVA,215-21-02-001-018,215-21-02-001-047-000,ASIGNACION DE RESPONSABILIDAD DIRECTIVA,
DEBE,GASTO_FINANCIAMIENTO,CONTRATA,10014,ASIG RESPONSABILIDAD COORDINACION PIE,215-21-02-001-999,,ASIG RESPONSABILIDAD COORDINACION PIE,
DEBE,GASTO_FINANCIAMIENTO,CONTRATA,10016,SUELDO BASE,,,SUELDO BASE,
DEBE,GASTO_FINANCIAMIENTO,CONTRATA,10019,RBMN,215-21-02-001-001-000,,RBMN,
DEBE,GASTO_FINANCIAMIENTO,CONTRATA,10020,EXPERIENCIA,215-21-02-001-044,,EXPERIENCIA,
DEBE,GASTO_FINANCIAMIENTO,CONTRATA,10021,BONIFICACION PROFESOR ENCARGADO ESC RURAL,215-21-02-001-999,215-21-02-001-999-000,BONIFICACION PROFESOR ENCARGADO ESC RURAL,
DEBE,GASTO_FINANCIAMIENTO,CONTRATA,10022,ASIG PRIORITARIOS,215-21-02-001-046,,ASIG PRIORITARIOS,
DEBE,GASTO_FINANCIAMIENTO,CONTRATA,10023,BONO DE VACACIONES,215-21-02-005-003,,BONO DE VACACIONES,
DEBE,GASTO_FINANCIAMIENTO,CONTRATA,10025,ASIG DE RESPONSABILIDAD,215-21-02-001-018,,ASIG DE RESPONSABILIDAD,
DEBE,GASTO_FINANCIAMIENTO,CONTRATA,10026,BONO ESPECIAL,215-21-03-999-000-000,,BONO ESPECIAL,
DEBE,GASTO_FINANCIAMIENTO,CONTRATA,10027,DIFERENCIA BONO DE VACACIONES,215-21-02-005-003,,DIFERENCIA BONO DE VACACIONES,
DEBE,GASTO_FINANCIAMIENTO,CONTRATA,10034,ASIG RESPONSABILIDAD PIE,215-21-02-001-018,,ASIG RESPONSABILIDAD PIE,
DEBE,GASTO_FINANCIAMIENTO,CONTRATA,10035,ASIG DE INCENTIVO PROFESIONAL,215-21-02-001-999,215-21-02-001-999-000,ASIG DE INCENTIVO PROFESIONAL,
DEBE,GASTO_FINANCIAMIENTO,CONTRATA,10037,DIFERENCIA DE SUELDO,215-21-03-004-001-000,,DIFERENCIA DE SUELDO,
DEBE,GASTO_FINANCIAMIENTO,CONTRATA,10038,BONO DE VACACIONES,215-21-02-005-003,,BONO DE VACACIONES,
DEBE,GASTO_FINANCIAMIENTO,CONTRATA,10039,DIFERENCIA AGUINALDO NAVIDAD,215-21-02-005-001,,DIFERENCIA AGUINALDO NAVIDAD,
DEBE,GASTO_FINANCIAMIENTO,CONTRATA,10041,BRP TITULO,215-21-02-001-048,,BRP TITULO,
DEBE,GASTO_FINANCIAMIENTO,CONTRATA,10042,BRP MENCION,215-21-02-001-048,,BRP MENCION,
DEBE,GASTO_FINANCIAMIENTO,CONTRATA,10045,DIFERENCIA BRP TITULO,215-21-02-001-048,,DIFERENCIA BRP TITULO,
DEBE,GASTO_FINANCIAMIENTO,CONTRATA,10047,RETROACTIVO BRP TITULO,215-21-02-001-048,,RETROACTIVO BRP TITULO,
DEBE,GASTO_FINANCIAMIENTO,CONTRATA,10048,RETROACTIVO BRP MENCION,215-21-02-001-048,,RETROACTIVO BRP MENCION,
DEBE,GASTO_FINANCIAMIENTO,CONTRATA,10049,RETROACTIVO ASIGNACION DE TRAMO,215-21-02-001-045,,RETROACTIVO ASIGNACION DE TRAMO,
DEBE,GASTO_FINANCIAMIENTO,CONTRATA,10050,RETROACTIVO ASIG ALUM PRIORITARIOS,215-21-02-001-046,,RETROACTIVO ASIG ALUM PRIORITARIOS,
DEBE,GASTO_FINANCIAMIENTO,CONTRATA,10051,DIFERENCIA ASIG. TRAMO,215-21-02-001-045,,DIFERENCIA ASIG. TRAMO,
DEBE,GASTO_FINANCIAMIENTO,CONTRATA,10052,DIFERENCIA ASIG. PRIORITARIO,215-21-02-001-046,,DIFERENCIA ASIG. PRIORITARIO,
DEBE,GASTO_FINANCIAMIENTO,CONTRATA,10055,DIFERENCIA BRP,215-21-02-001-046,,DIFERENCIA BRP,
DEBE,GASTO_FINANCIAMIENTO,CONTRATA,10056,DIFERENCIA MENCIÓN,215-21-02-001-046,,DIFERENCIA MENCIÓN,
DEBE,GASTO_FINANCIAMIENTO,CONTRATA,10057,BONO ESPECIAL,215-21-02-005-003,,BONO ESPECIAL,
DEBE,GASTO_FINANCIAMIENTO,CONTRATA,10058,DIFERENCIA BONO DE VACACIONES,215-21-02-005-003,,DIFERENCIA BONO DE VACACIONES,
DEBE,GASTO_FINANCIAMIENTO,CONTRATA,10059,DIFERENCIA AGUINALDO DE NAVIDAD,215-21-02-005-001,,DIFERENCIA AGUINALDO DE NAVIDAD,
DEBE,GASTO_FINANCIAMIENTO,CONTRATA,10060,RETROACTIVO REAJUSTE RBMN (ENERO),215-21-02-001-001-000,,RETROACTIVO REAJUSTE RBMN (ENERO),
DEBE,GASTO_FINANCIAMIENTO,CONTRATA,10061,RETROACTIVO REAJUSTE ASIG DE EXPERIENCIA (ENERO),215-21-02-001-044,,RETROACTIVO REAJUSTE ASIG DE EXPERIENCIA (ENERO),
DEBE,GASTO_FINANCIAMIENTO,CONTRATA,10062,RETROACTIVO ASIGNACION DE RESPONSABILIDAD,215-21-02-001-018,,RETROACTIVO ASIGNACION DE RESPONSABILIDAD,
DEBE,GASTO_FINANCIAMIENTO,CONTRATA,10065,DIFERENCIA SUELDO BASE,215-21-03-004-001-000,,DIFERENCIA SUELDO BASE,
DEBE,GASTO_FINANCIAMIENTO,CONTRATA,10067,RETROACTIVO REAJUSTE RBMN (DICIEMBRE),215-21-02-001-001-000,,RETROACTIVO REAJUSTE RBMN (DICIEMBRE),
DEBE,GASTO_FINANCIAMIENTO,CONTRATA,10068,RETROACTIVO REAJUSTE ASIG EXPERIENCIA (DICIEMBRE),215-21-02-001-044,,RETROACTIVO REAJUSTE ASIG EXPERIENCIA (DICIEMBRE),
DEBE,GASTO_FINANCIAMIENTO,CONTRATA,10070,RETROACTIVO REAJUSTE ASIG RESP (ENERO),215-21-02-001-018,,RETROACTIVO REAJUSTE ASIG RESP (ENERO),
DEBE,GASTO_FINANCIAMIENTO,CONTRATA,10071,RETROACTIVO REAJUSTE ASIG DE RESP (DIC),215-21-02-001-018,,RETROACTIVO REAJUSTE ASIG DE RESP (DIC),
DEBE,GASTO_FINANCIAMIENTO,CONTRATA,10072,RETRO REAJUSTE ASIG INCENTIVO PROF (ENERO),215-21-02-001-999,,RETRO REAJUSTE ASIG INCENTIVO PROF (ENERO),
DEBE,GASTO_FINANCIAMIENTO,CONTRATA,10073,RETRO REAJUSTE ASIG INCENTIVO PROF (DIC),215-21-02-001-999,,RETRO REAJUSTE ASIG INCENTIVO PROF (DIC),
DEBE,GASTO_FINANCIAMIENTO,CONTRATA,10074,ASIGNACION COMPLEMENTO DE ZONA,215-21-02-001-004,,ASIGNACION COMPLEMENTO DE ZONA,
DEBE,GASTO_FINANCIAMIENTO,CONTRATA,10075,RETROACTIVO ASIG COMP ZONA (ENERO),215-21-02-001-004,,RETROACTIVO ASIG COMP ZONA (ENERO),
DEBE,GASTO_FINANCIAMIENTO,CONTRATA,10077,RETRO REAJUSTE BONIF PROF ENCARGADO (ENERO),215-21-02-001-999,,RETRO REAJUSTE BONIF PROF ENCARGADO (ENERO),
DEBE,GASTO_FINANCIAMIENTO,CONTRATA,10079,DIFERENCIA DE SUELDO,215-21-02-001-001-000,,DIFERENCIA DE SUELDO,
DEBE,GASTO_FINANCIAMIENTO,CONTRATA,10080,DIFERENCIA BIENIOS,215-21-02-001-044,,DIFERENCIA BIENIOS,
DEBE,GASTO_FINANCIAMIENTO,CONTRATA,10081,RETROACTIVO ASIGNACION DE EXPERIENCIA,215-21-02-001-044,,RETROACTIVO ASIGNACION DE EXPERIENCIA,
DEBE,GASTO_FINANCIAMIENTO,CONTRATA,10083,ASIG ENCARGADO DE CONVIVENCIA ESCOLAR,215-21-02-001-999,,ASIG ENCARGADO DE CONVIVENCIA ESCOLAR,
DEBE,GASTO_FINANCIAMIENTO,CONTRATA,10084,DIF DE SUELDO,215-21-02-001-001-000,,DIF DE SUELDO,
DEBE,GASTO_FINANCIAMIENTO,CONTRATA,10085,RETROACTIVO ASIG ASIG ALUM PRIORITARIOS,215-21-02-001-046,,RETROACTIVO ASIG ASIG ALUM PRIORITARIOS,
DEBE,GASTO_FINANCIAMIENTO,CONTRATA,10087,SNED DOCENTES,215-21-02-001-049,,SNED DOCENTES,
DEBE,GASTO_FINANCIAMIENTO,CONTRATA,10089,RETROACTIVO RBMN,215-21-02-001-001-000,,RETROACTIVO RBMN,
DEBE,GASTO_FINANCIAMIENTO,CONTRATA,110,R.B.M.N.,215-21-02-001-001-000,215-21-02-001-001-000,R.B.M.N.,
DEBE,GASTO_FINANCIAMIENTO,CONTRATA,112,ASIG.DE EXPERIENCIA,215-21-02-001-002-000,215-21-02-001-001-000,ASIG.DE EXPERIENCIA,
DEBE,GASTO_FINANCIAMIENTO,CONTRATA,121,BRP TITULO,215-21-02-001-048,215-21-02-001-048-000,BRP TITULO,
DEBE,GASTO_FINANCIAMIENTO,CONTRATA,122,BRP MENCION,215-21-02-001-048,215-21-02-001-048-000,BRP MENCION,
DEBE,GASTO_FINANCIAMIENTO,CONTRATA,145,BONO ESCOLAR,215-21-02-005-002,,BONO ESCOLAR,
DEBE,GASTO_FINANCIAMIENTO,CONTRATA,146,BONO ESCOLAR ADICIONAL,215-21-02-005-004,,BONO ESCOLAR ADICIONAL,
DEBE,GASTO_FINANCIAMIENTO,CONTRATA,160,ASIG. TRAMO DESARROLLO PROFESIONAL,215-21-02-001-045,215-21-02-001-045-000,ASIG. TRAMO DESARROLLO PROFESIONAL,
DEBE,GASTO_FINANCIAMIENTO,CONTRATA,161,ALTA CONCENTRACION ALUMNOS PRIORITARIOS,215-21-02-001-046,215-21-02-001-048-000,ALTA CONCENTRACION ALUMNOS PRIORITARIOS,
DEBE,GASTO_FINANCIAMIENTO,CONTRATA,32021,(*) APORTE MUTUAL,215-21-02-002-002,215-21-02-002-002-000,(*) APORTE MUTUAL,
DEBE,GASTO_FINANCIAMIENTO,CONTRATA,32024,(*) APORTE S.I.S.,215-21-02-002-002,215-21-02-002-002-000,(*) APORTE S.I.S.,
DEBE,GASTO_FINANCIAMIENTO,CONTRATA,32030,APORTE CAPITALIZACIÓN INDIVIDUAL,215-21-02-002-002,,APORTE CAPITALIZACIÓN INDIVIDUAL,
DEBE,GASTO_FINANCIAMIENTO,CONTRATA,32031,APORTE CAPITALIZACIÓN INDIVIDUAL,215-21-02-002-002,215-21-02-002-002-000,APORTE CAPITALIZACIÓN INDIVIDUAL,
DEBE,GASTO_FINANCIAMIENTO,CONTRATA,32032,COTIZACIÓN EXPECTATIVAS DE VIDA,215-21-02-002-002,215-21-02-002-002-000,COTIZACIÓN EXPECTATIVAS DE VIDA,
DEBE,GASTO_FINANCIAMIENTO,PLANTA,10002,ASIGNACION FAMILIAR,114-06-00-000-000-000,,ASIGNACION FAMILIAR,
DEBE,GASTO_FINANCIAMIENTO,PLANTA,10003,ASIGNACION DE RESPONSABILIDAD,215-21-01-001-019,,ASIGNACION DE RESPONSABILIDAD,
DEBE,GASTO_FINANCIAMIENTO,PLANTA,10004,ASIGNACION DE RESPONSABILIDAD DIRECTIVA,215-21-01-001-049,,ASIGNACION DE RESPONSABILIDAD DIRECTIVA,
DEBE,GASTO_FINANCIAMIENTO,PLANTA,10005,ASIGNACION MOVILIZACION,215-21-01-001-011,215-21-01-001-011-000,ASIGNACION MOVILIZACION,
DEBE,GASTO_FINANCIAMIENTO,PLANTA,10006,BRP TITULO,215-21-01-001-050,,BRP TITULO,
DEBE,GASTO_FINANCIAMIENTO,PLANTA,10007,ASIGNACION DE RESPONSABILIDAD,215-21-01-001-019,215-21-01-001-019-000,ASIGNACION DE RESPONSABILIDAD,
DEBE,GASTO_FINANCIAMIENTO,PLANTA,10009,PLANILLA SUPLEMENTARIA,215-21-01-001-999,215-21-01-001-999-000,PLANILLA SUPLEMENTARIA,
DEBE,GASTO_FINANCIAMIENTO,PLANTA,10010,ASIGNACION DE RESPONSABILIDAD DIRECTIVA,215-21-01-001-049,215-21-01-001-049-000,ASIGNACION DE RESPONSABILIDAD DIRECTIVA,
DEBE,GASTO_FINANCIAMIENTO,PLANTA,10014,ASIG RESPONSABILIDAD COORDINACION PIE,215-21-01-001-019,215-21-01-001-019-000,ASIG RESPONSABILIDAD COORDINACION PIE,
DEBE,GASTO_FINANCIAMIENTO,PLANTA,10015,PLANILLA SUPLEMENTARIA LEY 20903,215-21-01-001-999,215-21-01-001-999-000,PLANILLA SUPLEMENTARIA LEY 20903,
DEBE,GASTO_FINANCIAMIENTO,PLANTA,10020,EXPERIENCIA,215-21-01-001-047,,EXPERIENCIA,
DEBE,GASTO_FINANCIAMIENTO,PLANTA,10021,BONIFICACION PROFESOR ENCARGADO ESC RURAL,215-21-01-001-999,215-21-01-001-999-000,BONIFICACION PROFESOR ENCARGADO ESC RURAL,
DEBE,GASTO_FINANCIAMIENTO,PLANTA,10022,ASIG PRIORITARIOS,215-21-01-001-048,,ASIG PRIORITARIOS,
DEBE,GASTO_FINANCIAMIENTO,PLANTA,10024,ASIG RESPON ALTA CON ALUM PRIO,215-21-01-001-019,,ASIG RESPON ALTA CON ALUM PRIO,
DEBE,GASTO_FINANCIAMIENTO,PLANTA,10034,ASIG RESPONSABILIDAD PIE,215-21-01-001-019,,ASIG RESPONSABILIDAD PIE,
DEBE,GASTO_FINANCIAMIENTO,PLANTA,10035,ASIG DE INCENTIVO PROFESIONAL,215-21-01-001-999,215-21-01-001-999-000,ASIG DE INCENTIVO PROFESIONAL,
DEBE,GASTO_FINANCIAMIENTO,PLANTA,10037,DIFERENCIA DE SUELDO,215-21-01-001-001-000,,DIFERENCIA DE SUELDO,
DEBE,GASTO_FINANCIAMIENTO,PLANTA,10038,BONO DE VACACIONES,215-21-01-005-003,,BONO DE VACACIONES,
DEBE,GASTO_FINANCIAMIENTO,PLANTA,10040,ASIGNACION DE RESPONSABILIDAD ALTA CONC ALUM PRIOR,215-21-01-001-019,215-21-01-001-019-000,ASIGNACION DE RESPONSABILIDAD ALTA CONC ALUM PRIOR,
DEBE,GASTO_FINANCIAMIENTO,PLANTA,10041,BRP TITULO,215-21-01-001-050,,BRP TITULO,
DEBE,GASTO_FINANCIAMIENTO,PLANTA,10042,BRP MENCION,215-21-01-001-050,,BRP MENCION,
DEBE,GASTO_FINANCIAMIENTO,PLANTA,10045,DIFERENCIA BRP TITULO,215-21-01-001-050,,DIFERENCIA BRP TITULO,
DEBE,GASTO_FINANCIAMIENTO,PLANTA,10046,DIFERENCIA BRP MENCION,215-21-01-001-050,,DIFERENCIA BRP MENCION,
DEBE,GASTO_FINANCIAMIENTO,PLANTA,10047,RETROACTIVO BRP TITULO,215-21-01-001-050,,RETROACTIVO BRP TITULO,
DEBE,GASTO_FINANCIAMIENTO,PLANTA,10048,RETROACTIVO BRP MENCION,215-21-01-001-050,,RETROACTIVO BRP MENCION,
DEBE,GASTO_FINANCIAMIENTO,PLANTA,10049,RETROACTIVO ASIGNACION DE TRAMO,215-21-01-001-047,,RETROACTIVO ASIGNACION DE TRAMO,
DEBE,GASTO_FINANCIAMIENTO,PLANTA,10050,RETROACTIVO ASIG ALUM PRIORITARIOS,215-21-01-001-048,,RETROACTIVO ASIG ALUM PRIORITARIOS,
DEBE,GASTO_FINANCIAMIENTO,PLANTA,10051,DIFERENCIA ASIG. TRAMO,215-21-01-001-047,,DIFERENCIA ASIG. TRAMO,
DEBE,GASTO_FINANCIAMIENTO,PLANTA,10052,DIFERENCIA ASIG. PRIORITARIO,215-21-01-001-048,,DIFERENCIA ASIG. PRIORITARIO,
DEBE,GASTO_FINANCIAMIENTO,PLANTA,10057,BONO ESPECIAL,215-21-01-005-003,,BONO ESPECIAL,
DEBE,GASTO_FINANCIAMIENTO,PLANTA,10058,DIFERENCIA BONO DE VACACIONES,215-21-01-005-003,,DIFERENCIA BONO DE VACACIONES,
DEBE,GASTO_FINANCIAMIENTO,PLANTA,10059,DIFERENCIA AGUINALDO DE NAVIDAD,215-21-01-005-003,,DIFERENCIA AGUINALDO DE NAVIDAD,
DEBE,GASTO_FINANCIAMIENTO,PLANTA,10060,RETROACTIVO REAJUSTE RBMN (ENERO),215-21-01-001-001-000,,RETROACTIVO REAJUSTE RBMN (ENERO),
DEBE,GASTO_FINANCIAMIENTO,PLANTA,10061,RETROACTIVO REAJUSTE ASIG DE EXPERIENCIA (ENERO),215-21-01-001-047,,RETROACTIVO REAJUSTE ASIG DE EXPERIENCIA (ENERO),
DEBE,GASTO_FINANCIAMIENTO,PLANTA,10062,RETROACTIVO ASIGNACION DE RESPONSABILIDAD,215-21-01-001-019,,RETROACTIVO ASIGNACION DE RESPONSABILIDAD,
DEBE,GASTO_FINANCIAMIENTO,PLANTA,10065,DIFERENCIA SUELDO BASE,215-21-01-001-001-000,,DIFERENCIA SUELDO BASE,
DEBE,GASTO_FINANCIAMIENTO,PLANTA,10067,RETROACTIVO REAJUSTE RBMN (DICIEMBRE),215-21-01-001-001-000,,RETROACTIVO REAJUSTE RBMN (DICIEMBRE),
DEBE,GASTO_FINANCIAMIENTO,PLANTA,10068,RETROACTIVO REAJUSTE ASIG EXPERIENCIA (DICIEMBRE),215-21-01-001-047,,RETROACTIVO REAJUSTE ASIG EXPERIENCIA (DICIEMBRE),
DEBE,GASTO_FINANCIAMIENTO,PLANTA,10070,RETROACTIVO REAJUSTE ASIG RESP (ENERO),215-21-01-001-019,,RETROACTIVO REAJUSTE ASIG RESP (ENERO),
DEBE,GASTO_FINANCIAMIENTO,PLANTA,10071,RETROACTIVO REAJUSTE ASIG DE RESP (DIC),215-21-01-001-019,,RETROACTIVO REAJUSTE ASIG DE RESP (DIC),
DEBE,GASTO_FINANCIAMIENTO,PLANTA,10072,RETRO REAJUSTE ASIG INCENTIVO PROF (ENERO),215-21-01-001-999,,RETRO REAJUSTE ASIG INCENTIVO PROF (ENERO),
DEBE,GASTO_FINANCIAMIENTO,PLANTA,10073,RETRO REAJUSTE ASIG INCENTIVO PROF (DIC),215-21-01-001-999,,RETRO REAJUSTE ASIG INCENTIVO PROF (DIC),
DEBE,GASTO_FINANCIAMIENTO,PLANTA,10074,ASIGNACION COMPLEMENTO DE ZONA,215-21-01-001-004,,ASIGNACION COMPLEMENTO DE ZONA,
DEBE,GASTO_FINANCIAMIENTO,PLANTA,10075,RETROACTIVO ASIG COMP ZONA (ENERO),215-21-01-001-004,,RETROACTIVO ASIG COMP ZONA (ENERO),
DEBE,GASTO_FINANCIAMIENTO,PLANTA,10076,RETROACTIVO MOVILIZACION,215-21-01-001-011,,RETROACTIVO MOVILIZACION,
DEBE,GASTO_FINANCIAMIENTO,PLANTA,10077,RETRO REAJUSTE BONIF PROF ENCARGADO (ENERO),215-21-01-001-999,,RETRO REAJUSTE BONIF PROF ENCARGADO (ENERO),
DEBE,GASTO_FINANCIAMIENTO,PLANTA,10079,DIFERENCIA DE SUELDO,215-21-01-001-001-000,,DIFERENCIA DE SUELDO,
DEBE,GASTO_FINANCIAMIENTO,PLANTA,10080,DIFERENCIA BIENIOS,215-21-01-001-047,,DIFERENCIA BIENIOS,
DEBE,GASTO_FINANCIAMIENTO,PLANTA,10081,RETROACTIVO ASIGNACION DE EXPERIENCIA,215-21-01-001-047,,RETROACTIVO ASIGNACION DE EXPERIENCIA,
DEBE,GASTO_FINANCIAMIENTO,PLANTA,10083,ASIG ENCARGADO DE CONVIVENCIA ESCOLAR,215-21-01-001-999,,ASIG ENCARGADO DE CONVIVENCIA ESCOLAR,
DEBE,GASTO_FINANCIAMIENTO,PLANTA,10087,SNED DOCENTES,215-21-01-001-051,,SNED DOCENTES,
DEBE,GASTO_FINANCIAMIENTO,PLANTA,10088,ADECO,215-21-01-003-002,,ADECO,
DEBE,GASTO_FINANCIAMIENTO,PLANTA,10089,RETROACTIVO RBMN,215-21-01-001-001-000,,RETROACTIVO RBMN,
DEBE,GASTO_FINANCIAMIENTO,PLANTA,10093,RETROACTIVO BONO ENCARGADO ESC RURAL,215-21-01-001-999,,RETROACTIVO BONO ENCARGADO ESC RURAL,
DEBE,GASTO_FINANCIAMIENTO,PLANTA,110,R.B.M.N.,215-21-01-001-001-000,215-21-01-001-001-000,R.B.M.N.,
DEBE,GASTO_FINANCIAMIENTO,PLANTA,112,ASIG.DE EXPERIENCIA,215-21-01-001-001-000,215-21-01-001-001-000,ASIG.DE EXPERIENCIA,
DEBE,GASTO_FINANCIAMIENTO,PLANTA,121,BRP TITULO,215-21-01-001-050-000,215-21-01-001-050-000,BRP TITULO,
DEBE,GASTO_FINANCIAMIENTO,PLANTA,122,BRP MENCION,215-21-01-001-050-000,215-21-01-001-050-000,BRP MENCION,
DEBE,GASTO_FINANCIAMIENTO,PLANTA,145,BONO ESCOLAR,215-21-01-005-002,,BONO ESCOLAR,
DEBE,GASTO_FINANCIAMIENTO,PLANTA,146,BONO ESCOLAR ADICIONAL,215-21-01-005-004,,BONO ESCOLAR ADICIONAL,
DEBE,GASTO_FINANCIAMIENTO,PLANTA,160,ASIG. TRAMO DESARROLLO PROFESIONAL,215-21-01-001-047,215-21-01-001-047-000,ASIG. TRAMO DESARROLLO PROFESIONAL,
DEBE,GASTO_FINANCIAMIENTO,PLANTA,161,ALTA CONCENTRACION ALUMNOS PRIORITARIOS,215-21-01-001-048,215-21-01-001-048-000,ALTA CONCENTRACION ALUMNOS PRIORITARIOS,
DEBE,GASTO_FINANCIAMIENTO,PLANTA,32021,(*) APORTE MUTUAL,215-21-01-002-002,215-21-01-002-002-000,(*) APORTE MUTUAL,
DEBE,GASTO_FINANCIAMIENTO,PLANTA,32024,(*) APORTE S.I.S.,215-21-01-002-002,215-21-01-002-002-000,(*) APORTE S.I.S.,
DEBE,GASTO_FINANCIAMIENTO,PLANTA,32030,APORTE CAPITALIZACIÓN INDIVIDUAL,215-21-01-002-002,,APORTE CAPITALIZACIÓN INDIVIDUAL,
DEBE,GASTO_FINANCIAMIENTO,PLANTA,32031,APORTE CAPITALIZACIÓN INDIVIDUAL,215-21-01-002-002,215-21-01-002-002-000,APORTE CAPITALIZACIÓN INDIVIDUAL,
DEBE,GASTO_FINANCIAMIENTO,PLANTA,32032,COTIZACIÓN EXPECTATIVAS DE VIDA,215-21-01-002-002,215-21-01-002-002-000,COTIZACIÓN EXPECTATIVAS DE VIDA,
DEBE,GASTO_FINANCIAMIENTO,SUPLENCIA,10002,ASIGNACION FAMILIAR,114-06-00-000-000-000,,ASIGNACION FAMILIAR,
DEBE,GASTO_FINANCIAMIENTO,SUPLENCIA,10003,ASIGNACION DE RESPONSABILIDAD,215-21-03-005-001-000,,ASIGNACION DE RESPONSABILIDAD,
DEBE,GASTO_FINANCIAMIENTO,SUPLENCIA,10006,BRP TITULO,215-21-03-005-001-000,,BRP TITULO,
DEBE,GASTO_FINANCIAMIENTO,SUPLENCIA,10007,ASIGNACION DE RESPONSABILIDAD,215-21-03-005-001-000,,ASIGNACION DE RESPONSABILIDAD,
DEBE,GASTO_FINANCIAMIENTO,SUPLENCIA,10014,ASIGNACION DE TRAMO,215-21-03-005-001-000,,ASIGNACION DE TRAMO,
DEBE,GASTO_FINANCIAMIENTO,SUPLENCIA,10015,ASIG DE RESPONSABILIDAD ALTA CONC ALUM PRIORITARIO,215-21-03-005-001-000,,ASIG DE RESPONSABILIDAD ALTA CONC ALUM PRIORITARIO,
DEBE,GASTO_FINANCIAMIENTO,SUPLENCIA,10019,RBMN,,,RBMN,
DEBE,GASTO_FINANCIAMIENTO,SUPLENCIA,10020,EXPERIENCIA,215-21-03-005-001-000,,EXPERIENCIA,
DEBE,GASTO_FINANCIAMIENTO,SUPLENCIA,10021,ASIG TRAMO,,,ASIG TRAMO,
DEBE,GASTO_FINANCIAMIENTO,SUPLENCIA,10022,ASIG PRIORITARIOS,215-21-03-005-001-000,,ASIG PRIORITARIOS,
DEBE,GASTO_FINANCIAMIENTO,SUPLENCIA,10026,BONO ESPECIAL,215-21-03-005-001-000,,BONO ESPECIAL,
DEBE,GASTO_FINANCIAMIENTO,SUPLENCIA,10037,DIFERENCIA DE SUELDO,215-21-03-005-001-000,,DIFERENCIA DE SUELDO,
DEBE,GASTO_FINANCIAMIENTO,SUPLENCIA,10038,BONO DE VACACIONES,215-21-03-005-001-000,,BONO DE VACACIONES,
DEBE,GASTO_FINANCIAMIENTO,SUPLENCIA,10043,RETROACTIVO RBMN,,,RETROACTIVO RBMN,
DEBE,GASTO_FINANCIAMIENTO,SUPLENCIA,10044,RETROACTIVO BRP TITULO,,,RETROACTIVO BRP TITULO,
DEBE,GASTO_FINANCIAMIENTO,SUPLENCIA,10045,RETROACTIVO BRP MENCION,,,RETROACTIVO BRP MENCION,
DEBE,GASTO_FINANCIAMIENTO,SUPLENCIA,10046,RETROACTIVO ASIG ALUM PRIORITARIOS,,,RETROACTIVO ASIG ALUM PRIORITARIOS,
DEBE,GASTO_FINANCIAMIENTO,SUPLENCIA,10047,RETROACTIVO BRP TITULO,215-21-03-005-001-000,,RETROACTIVO BRP TITULO,
DEBE,GASTO_FINANCIAMIENTO,SUPLENCIA,10048,RETROACTIVO BRP MENCION,215-21-03-005-001-000,,RETROACTIVO BRP MENCION,
DEBE,GASTO_FINANCIAMIENTO,SUPLENCIA,10049,RETROACTIVO ASIGNACION DE TRAMO,215-21-03-005-001-000,,RETROACTIVO ASIGNACION DE TRAMO,
DEBE,GASTO_FINANCIAMIENTO,SUPLENCIA,10050,RETROACTIVO ASIG ALUM PRIORITARIOS,215-21-03-005-001-000,,RETROACTIVO ASIG ALUM PRIORITARIOS,
DEBE,GASTO_FINANCIAMIENTO,SUPLENCIA,10051,DIFERENCIA ASIG. TRAMO,215-21-03-005-001-000,,DIFERENCIA ASIG. TRAMO,
DEBE,GASTO_FINANCIAMIENTO,SUPLENCIA,10052,DIFERENCIA ASIG. PRIORITARIO,215-21-03-005-001-000,,DIFERENCIA ASIG. PRIORITARIO,
DEBE,GASTO_FINANCIAMIENTO,SUPLENCIA,10057,BONO ESPECIAL,215-21-03-005-001-000,,BONO ESPECIAL,
DEBE,GASTO_FINANCIAMIENTO,SUPLENCIA,10058,DIFERENCIA BONO DE VACACIONES,215-21-03-005-001-000,,DIFERENCIA BONO DE VACACIONES,
DEBE,GASTO_FINANCIAMIENTO,SUPLENCIA,10059,DIFERENCIA AGUINALDO DE NAVIDAD,215-21-03-005-001-000,,DIFERENCIA AGUINALDO DE NAVIDAD,
DEBE,GASTO_FINANCIAMIENTO,SUPLENCIA,10060,RETROACTIVO REAJUSTE RBMN (ENERO),215-21-03-005-001-000,,RETROACTIVO REAJUSTE RBMN (ENERO),
DEBE,GASTO_FINANCIAMIENTO,SUPLENCIA,10061,RETROACTIVO REAJUSTE ASIG DE EXPERIENCIA (ENERO),215-21-03-005-001-000,,RETROACTIVO REAJUSTE ASIG DE EXPERIENCIA (ENERO),
DEBE,GASTO_FINANCIAMIENTO,SUPLENCIA,10065,DIFERENCIA SUELDO BASE,215-21-03-005-001-000,,DIFERENCIA SUELDO BASE,
DEBE,GASTO_FINANCIAMIENTO,SUPLENCIA,10067,RETROACTIVO REAJUSTE RBMN (DICIEMBRE),215-21-03-005-001-000,,RETROACTIVO REAJUSTE RBMN (DICIEMBRE),
DEBE,GASTO_FINANCIAMIENTO,SUPLENCIA,10068,RETROACTIVO REAJUSTE ASIG EXPERIENCIA (DICIEMBRE),215-21-03-005-001-000,,RETROACTIVO REAJUSTE ASIG EXPERIENCIA (DICIEMBRE),
DEBE,GASTO_FINANCIAMIENTO,SUPLENCIA,10074,ASIGNACION COMPLEMENTO DE ZONA,215-21-03-005-001-000,,ASIGNACION COMPLEMENTO DE ZONA,
DEBE,GASTO_FINANCIAMIENTO,SUPLENCIA,10075,RETROACTIVO ASIG COMP ZONA (ENERO),215-21-03-005-001-000,,RETROACTIVO ASIG COMP ZONA (ENERO),
DEBE,GASTO_FINANCIAMIENTO,SUPLENCIA,10079,DIFERENCIA DE SUELDO,215-21-03-005-001-000,,DIFERENCIA DE SUELDO,
DEBE,GASTO_FINANCIAMIENTO,SUPLENCIA,10080,DIFERENCIA BIENIOS,215-21-03-005-001-000,,DIFERENCIA BIENIOS,
DEBE,GASTO_FINANCIAMIENTO,SUPLENCIA,10081,RETROACTIVO ASIGNACION DE EXPERIENCIA,215-21-03-005-001-000,,RETROACTIVO ASIGNACION DE EXPERIENCIA,
DEBE,GASTO_FINANCIAMIENTO,SUPLENCIA,10085,RETROACTIVO ASIG ASIG ALUM PRIORITARIOS,215-21-03-005-001-000,,RETROACTIVO ASIG ASIG ALUM PRIORITARIOS,
DEBE,GASTO_FINANCIAMIENTO,SUPLENCIA,10087,SNED DOCENTES,215-21-03-005-001-000,,SNED DOCENTES,
DEBE,GASTO_FINANCIAMIENTO,SUPLENCIA,10089,RETROACTIVO RBMN,215-21-03-005-001-000,,RETROACTIVO RBMN,
DEBE,GASTO_FINANCIAMIENTO,SUPLENCIA,110,R.B.M.N.,215-21-03-005-001-000,215-21-03-005-001-000,R.B.M.N.,
DEBE,GASTO_FINANCIAMIENTO,SUPLENCIA,112,ASIG.DE EXPERIENCIA,215-21-03-005-001-000,215-21-03-005-001-000,ASIG.DE EXPERIENCIA,
DEBE,GASTO_FINANCIAMIENTO,SUPLENCIA,121,BRP TITULO,215-21-03-005-001-000,215-21-03-005-001-000,BRP TITULO,
DEBE,GASTO_FINANCIAMIENTO,SUPLENCIA,122,BRP MENCION,215-21-03-005-001-000,215-21-03-005-001-000,BRP MENCION,
DEBE,GASTO_FINANCIAMIENTO,SUPLENCIA,145,BONO ESCOLAR,215-21-03-005-001-000,,BONO ESCOLAR,
DEBE,GASTO_FINANCIAMIENTO,SUPLENCIA,146,BONO ESCOLAR ADICIONAL,215-21-03-005-001-000,,BONO ESCOLAR ADICIONAL,
DEBE,GASTO_FINANCIAMIENTO,SUPLENCIA,160,ASIG. TRAMO DESARROLLO PROFESIONAL,215-21-03-005-001-000,215-21-03-005-001-000,ASIG. TRAMO DESARROLLO PROFESIONAL,
DEBE,GASTO_FINANCIAMIENTO,SUPLENCIA,161,ALTA CONCENTRACION ALUMNOS PRIORITARIOS,215-21-03-005-001-000,215-21-03-005-001-000,ALTA CONCENTRACION ALUMNOS PRIORITARIOS,
DEBE,GASTO_FINANCIAMIENTO,SUPLENCIA,32021,(*) APORTE MUTUAL,215-21-03-005-001-000,215-21-03-005-001-000,(*) APORTE MUTUAL,
DEBE,GASTO_FINANCIAMIENTO,SUPLENCIA,32024,(*) APORTE S.I.S.,215-21-03-005-001-000,215-21-03-005-001-000,(*) APORTE S.I.S.,
DEBE,GASTO_FINANCIAMIENTO,SUPLENCIA,32030,APORTE CAPITALIZACIÓN INDIVIDUAL,215-21-03-005-001-000,,APORTE CAPITALIZACIÓN INDIVIDUAL,
DEBE,GASTO_FINANCIAMIENTO,SUPLENCIA,32031,APORTE CAPITALIZACIÓN INDIVIDUAL,215-21-03-005-001-000,215-21-03-005-001-000,APORTE CAPITALIZACIÓN INDIVIDUAL,
DEBE,GASTO_FINANCIAMIENTO,SUPLENCIA,32032,COTIZACIÓN EXPECTATIVAS DE VIDA,215-21-03-005-001-000,215-21-03-005-001-000,COTIZACIÓN EXPECTATIVAS DE VIDA,
HABER,APORTE_PATRONAL,,32021,(*) APORTE MUTUAL,215-21-00-000-000-000,,(*) APORTE MUTUAL,
HABER,APORTE_PATRONAL,,32022,(*) APORTE CESANTIA,215-21-00-000-000-000,,(*) APORTE CESANTIA,
HABER,APORTE_PATRONAL,,32024,(*) APORTE S.I.S.,215-21-00-000-000-000,,(*) APORTE S.I.S.,
HABER,APORTE_PATRONAL,,32029,APORTE CAPITALIZACIÓN INDIVIDUAL,215-21-00-000-000-000,,APORTE CAPITALIZACIÓN INDIVIDUAL,
HABER,APORTE_PATRONAL,,32030,COTIZACIÓN EXPECTATIVAS DE VIDA,215-21-00-000-000-000,,COTIZACIÓN EXPECTATIVAS DE VIDA,
HABER,APORTE_PATRONAL,,32031,APORTE CAPITALIZACIÓN INDIVIDUAL,215-21-00-000-000-000,,APORTE CAPITALIZACIÓN INDIVIDUAL,
HABER,APORTE_PATRONAL,,32032,COTIZACIÓN EXPECTATIVAS DE VIDA,215-21-00-000-000-000,,COTIZACIÓN EXPECTATIVAS DE VIDA,
HABER,DESCUENTO,,100,FONDO DE PENSIÓN,215-21-00-000-000-000,,FONDO DE PENSIÓN,
HABER,DESCUENTO,,10000,CAJA LOS ANDES,215-21-00-000-000-000,,CAJA LOS ANDES,
HABER,DESCUENTO,,10001,COOPEUCH,215-21-00-000-000-000,,COOPEUCH,
HABER,DESCUENTO,,10002,ANDESCOOP LTDA.,215-21-00-000-000-000,,ANDESCOOP LTDA.,
HABER,DESCUENTO,,10003,C.C.A.F. LOS ANDES,215-21-00-000-000-000,,C.C.A.F. LOS ANDES,
HABER,DESCUENTO,,10004,COLEGIO DE PROFESORES,215-21-00-000-000-000,,COLEGIO DE PROFESORES,
HABER,DESCUENTO,,10005,FALP,215-21-00-000-000-000,,FALP,
HABER,DESCUENTO,,10006,COOPEUCH,215-21-00-000-000-000,,COOPEUCH,
HABER,DESCUENTO,,10008,FULL AHORRO,215-21-00-000-000-000,,FULL AHORRO,
HABER,DESCUENTO,,10009,ASOCIACION DE JARDINES,215-21-00-000-000-000,,ASOCIACION DE JARDINES,
HABER,DESCUENTO,,10010,CHILENA CONSOLIDADA,215-21-00-000-000-000,,CHILENA CONSOLIDADA,
HABER,DESCUENTO,,10011,MUTUAL DE SEGUROS,215-21-00-000-000-000,,MUTUAL DE SEGUROS,
HABER,DESCUENTO,,10013,RETENCION JUDICIAL,215-21-00-000-000-000,,RETENCION JUDICIAL,
HABER,DESCUENTO,,10014,SECURITY PREVISION,215-21-00-000-000-000,,SECURITY PREVISION,
HABER,DESCUENTO,,10015,HOGAR DE CRISTO,215-21-00-000-000-000,,HOGAR DE CRISTO,
HABER,DESCUENTO,,10018,AFAEC. ASOC. DE FUNC. NRO. 2 ASIST.,215-21-00-000-000-000,,AFAEC. ASOC. DE FUNC. NRO. 2 ASIST.,
HABER,DESCUENTO,,10019,ASOC.GREMIAL NO DOCENTE,215-21-00-000-000-000,,ASOC.GREMIAL NO DOCENTE,
HABER,DESCUENTO,,10020,ASOCIACION AFEPIEC,215-21-00-000-000-000,,ASOCIACION AFEPIEC,
HABER,DESCUENTO,,10021,REINTEGRO PRIORITARIO ENERO 2026,215-21-00-000-000-000,,REINTEGRO PRIORITARIO ENERO 2026,
HABER,DESCUENTO,,10023,REINTEGRO ART 43 LEY 21109,215-21-00-000-000-000,,REINTEGRO ART 43 LEY 21109,
HABER,DESCUENTO,,10024,REINTEGRO ART 33 LEY 21724,215-21-00-000-000-000,,REINTEGRO ART 33 LEY 21724,
HABER,DESCUENTO,,10025,CONFEMUCH,215-21-00-000-000-000,,CONFEMUCH,
HABER,DESCUENTO,,10026,CONFEMUCH ENERO,215-21-00-000-000-000,,CONFEMUCH ENERO,
HABER,DESCUENTO,,10027,REINTEGRO ASIG. EXPERIENCIA,215-21-00-000-000-000,,REINTEGRO ASIG. EXPERIENCIA,
HABER,DESCUENTO,,10028,DIFERENCIA DE SUELDO DE ENERO,215-21-00-000-000-000,,DIFERENCIA DE SUELDO DE ENERO,
HABER,DESCUENTO,,10029,REINTEGRO ASIG EXPERIENCIA 21109,215-21-00-000-000-000,,REINTEGRO ASIG EXPERIENCIA 21109,
HABER,DESCUENTO,,10030,DIAS AUSENTISMO MES ANTERIOR,215-21-00-000-000-000,,DIAS AUSENTISMO MES ANTERIOR,
HABER,DESCUENTO,,10031,CREDITO CAJA LOS ANDES,215-21-00-000-000-000,,CREDITO CAJA LOS ANDES,
HABER,DESCUENTO,,10032,SEGUROS CAJA LOS ANDES,215-21-00-000-000-000,,SEGUROS CAJA LOS ANDES,
HABER,DESCUENTO,,10033,REINTEGRO REMUNERACION,215-21-00-000-000-000,,REINTEGRO REMUNERACION,
HABER,DESCUENTO,,10034,ASOCIACION NO DOCENTES LA LIGUA,215-21-00-000-000-000,,ASOCIACION NO DOCENTES LA LIGUA,
HABER,DESCUENTO,,1004,IMPUESTO UNICO,215-21-00-000-000-000,,IMPUESTO UNICO,
HABER,DESCUENTO,,1007,CUENTA AHORRO AFP 1,215-21-00-000-000-000,,CUENTA AHORRO AFP 1,
HABER,DESCUENTO,,101,FONDO SALUD,215-21-00-000-000-000,,FONDO SALUD,
HABER,DESCUENTO,,1020,RETENCION JUDICIAL 1,215-21-00-000-000-000,,RETENCION JUDICIAL 1,
HABER,DESCUENTO,,1028,MONTO DIAS INASISTENCIAS,215-21-00-000-000-000,,MONTO DIAS INASISTENCIAS,
HABER,DESCUENTO,,105,SEGURO CESANTIA,215-21-00-000-000-000,,SEGURO CESANTIA,
HABER,DESCUENTO,,30000,IMPUESTO UNICO RETROACTIVO,215-21-00-000-000-000,,IMPUESTO UNICO RETROACTIVO,
HABER,DESCUENTO,,500,AHORRO PREV.VOLUNTARIO 1,215-21-00-000-000-000,,AHORRO PREV.VOLUNTARIO 1,
HABER,LIQUIDO,,30003,LIQUIDO A PAGO,215-21-00-000-000-000,,LIQUIDO A PAGO,
